-- phpMyAdmin SQL Dump
-- version 4.3.8
-- http://www.phpmyadmin.net
--
-- Host: localhost
-- Generation Time: Apr 30, 2018 at 02:26 PM
-- Server version: 5.5.51-38.2
-- PHP Version: 5.6.30

SET SQL_MODE = "NO_AUTO_VALUE_ON_ZERO";
SET time_zone = "+00:00";

--
-- Database: `formassess`
--
CREATE DATABASE IF NOT EXISTS `formassess` DEFAULT CHARACTER SET utf8 COLLATE utf8_unicode_ci;
USE `formassess`;

-- --------------------------------------------------------

--
-- Table structure for table `accounts`
--

DROP TABLE IF EXISTS `accounts`;
CREATE TABLE IF NOT EXISTS `accounts` (
  `ID` int(11) NOT NULL,
  `name` varchar(50) DEFAULT NULL,
  `email` varchar(50) NOT NULL,
  `password` char(128) DEFAULT NULL,
  `type` int(10) NOT NULL
) ENGINE=InnoDB AUTO_INCREMENT=15 DEFAULT CHARSET=latin1;

--
-- Truncate table before insert `accounts`
--

TRUNCATE TABLE `accounts`;
--
-- Dumping data for table `accounts`
--

INSERT INTO `accounts` (`ID`, `name`, `email`, `password`, `type`) VALUES
(1, 'Jane Teacher', 'teach@test.com', '$2y$10$n1iE9xaRPVv.0E/3Vj2gjuF6SrzcSmiYLcZot88u0G5XFnBb2Whge', 1),
(2, 'Dr.  Admin', 'admin@test.com', '$2y$10$cHWtK5lqBb4quWJxkVFgaupY4hycEt4hWI70yG97j8w24Q6SKEkoi', 0),
(3, 'Jane Student', 'student@test.com', '$2y$10$8ILO1RjJTAdfw4/2JjDK5eeCT0sVyOjZLl4C7ZKjcBQOtFAXNq9rG', 2),
(4, 'Bob Student', 'bob@test.com', '$2y$10$8ILO1RjJTAdfw4/2JjDK5eeCT0sVyOjZLl4C7ZKjcBQOtFAXNq9rG', 2),
(5, 'Another student', 'bla@bla.com', 'test', 2),
(14, 'Sarah', 'sconoye@siue.edu', '$2y$10$ZgGDMhSCEwVVGtQRwSHlvuOWc1wn9LQH3q2wpmafDMMqvqAVzmtjK', 1);

-- --------------------------------------------------------

--
-- Table structure for table `admins`
--

DROP TABLE IF EXISTS `admins`;
CREATE TABLE IF NOT EXISTS `admins` (
  `ID` int(11) NOT NULL,
  `name` varchar(50) DEFAULT NULL,
  `email` varchar(50) NOT NULL,
  `password` char(128) DEFAULT NULL
) ENGINE=InnoDB AUTO_INCREMENT=36 DEFAULT CHARSET=latin1;

--
-- Truncate table before insert `admins`
--

TRUNCATE TABLE `admins`;
--
-- Dumping data for table `admins`
--

INSERT INTO `admins` (`ID`, `name`, `email`, `password`) VALUES
(35, 'Admin', 'admin@test.com', '$2y$10$KAKVa9X4a15moI0.8CwD/OYN4HZcf5OsnTjNVNaQZiR7Qv/VtNNO.');

-- --------------------------------------------------------

--
-- Table structure for table `assessmentassignments`
--

DROP TABLE IF EXISTS `assessmentassignments`;
CREATE TABLE IF NOT EXISTS `assessmentassignments` (
  `assessmentID` int(11) NOT NULL,
  `studentID` int(11) NOT NULL
) ENGINE=InnoDB DEFAULT CHARSET=latin1;

--
-- Truncate table before insert `assessmentassignments`
--

TRUNCATE TABLE `assessmentassignments`;
--
-- Dumping data for table `assessmentassignments`
--

INSERT INTO `assessmentassignments` (`assessmentID`, `studentID`) VALUES
(47, 4),
(47, 3),
(48, 3),
(49, 4),
(50, 4),
(50, 3),
(51, 3),
(52, 4),
(52, 3),
(39, 4),
(38, 3),
(53, 3),
(57, 3);

-- --------------------------------------------------------

--
-- Table structure for table `assessmentquestions`
--

DROP TABLE IF EXISTS `assessmentquestions`;
CREATE TABLE IF NOT EXISTS `assessmentquestions` (
  `ID` int(11) NOT NULL,
  `termID` int(11) NOT NULL,
  `assessmentID` int(11) NOT NULL,
  `isMatch` tinyint(1) NOT NULL
) ENGINE=InnoDB AUTO_INCREMENT=1150 DEFAULT CHARSET=latin1;

--
-- Truncate table before insert `assessmentquestions`
--

TRUNCATE TABLE `assessmentquestions`;
--
-- Dumping data for table `assessmentquestions`
--

INSERT INTO `assessmentquestions` (`ID`, `termID`, `assessmentID`, `isMatch`) VALUES
(1, 221, 38, 0),
(2, 225, 39, 1),
(3, 233, 39, 1),
(4, 240, 39, 1),
(5, 215, 39, 1),
(6, 217, 39, 1),
(7, 235, 39, 1),
(8, 231, 39, 1),
(9, 237, 39, 1),
(10, 234, 39, 1),
(11, 226, 39, 1),
(12, 247, 39, 1),
(13, 242, 39, 1),
(14, 224, 39, 1),
(15, 265, 39, 1),
(16, 230, 39, 1),
(17, 218, 39, 1),
(18, 223, 39, 1),
(19, 216, 39, 1),
(20, 220, 39, 1),
(21, 248, 39, 1),
(22, 225, 39, 0),
(23, 233, 39, 0),
(24, 240, 39, 0),
(25, 215, 39, 0),
(26, 217, 39, 0),
(27, 235, 39, 0),
(28, 231, 39, 0),
(29, 237, 39, 0),
(30, 281, 40, 1),
(31, 285, 40, 1),
(32, 277, 40, 1),
(33, 274, 40, 1),
(34, 264, 40, 1),
(35, 251, 40, 1),
(36, 270, 40, 1),
(37, 275, 40, 1),
(38, 269, 40, 1),
(39, 261, 40, 1),
(40, 257, 40, 1),
(41, 254, 40, 1),
(42, 263, 40, 1),
(43, 256, 40, 1),
(44, 273, 40, 1),
(45, 258, 40, 1),
(46, 268, 40, 1),
(47, 255, 40, 1),
(48, 272, 40, 1),
(49, 252, 40, 1),
(50, 281, 40, 0),
(51, 285, 40, 0),
(52, 277, 40, 0),
(53, 274, 40, 0),
(54, 264, 40, 0),
(55, 251, 40, 0),
(56, 270, 40, 0),
(57, 275, 40, 0),
(58, 222, 41, 1),
(59, 219, 41, 1),
(60, 229, 41, 1),
(61, 234, 41, 1),
(62, 216, 41, 1),
(63, 223, 41, 1),
(64, 232, 41, 1),
(65, 231, 41, 1),
(66, 215, 41, 1),
(67, 227, 41, 1),
(68, 249, 41, 1),
(69, 236, 41, 1),
(70, 220, 41, 1),
(71, 241, 41, 1),
(72, 265, 41, 1),
(73, 238, 41, 1),
(74, 239, 41, 1),
(75, 242, 41, 1),
(76, 248, 41, 1),
(77, 228, 41, 1),
(78, 222, 41, 0),
(79, 219, 41, 0),
(80, 229, 41, 0),
(81, 234, 41, 0),
(82, 216, 41, 0),
(83, 223, 41, 0),
(84, 232, 41, 0),
(85, 231, 41, 0),
(86, 244, 42, 1),
(87, 228, 42, 1),
(88, 234, 42, 1),
(89, 217, 42, 1),
(90, 240, 42, 1),
(91, 220, 42, 1),
(92, 265, 42, 1),
(93, 242, 42, 1),
(94, 241, 42, 1),
(95, 236, 42, 1),
(96, 246, 42, 1),
(97, 215, 42, 1),
(98, 237, 42, 1),
(99, 226, 42, 1),
(100, 230, 42, 1),
(101, 231, 42, 1),
(102, 245, 42, 1),
(103, 221, 42, 1),
(104, 238, 42, 1),
(105, 219, 42, 1),
(106, 248, 42, 0),
(107, 216, 42, 0),
(108, 225, 42, 0),
(109, 218, 42, 0),
(110, 235, 42, 0),
(111, 223, 42, 0),
(112, 227, 42, 0),
(113, 249, 42, 0),
(114, 271, 42, 1),
(115, 273, 42, 1),
(116, 253, 42, 1),
(117, 252, 42, 1),
(118, 274, 42, 1),
(119, 258, 42, 1),
(120, 257, 42, 1),
(121, 270, 42, 1),
(122, 268, 42, 1),
(123, 250, 42, 1),
(124, 264, 42, 1),
(125, 281, 42, 1),
(126, 277, 42, 1),
(127, 267, 42, 1),
(128, 283, 42, 1),
(129, 260, 42, 1),
(130, 272, 42, 1),
(131, 255, 42, 1),
(132, 275, 42, 1),
(133, 266, 42, 1),
(134, 263, 42, 0),
(135, 251, 42, 0),
(136, 269, 42, 0),
(137, 285, 42, 0),
(138, 259, 42, 0),
(139, 261, 42, 0),
(140, 256, 42, 0),
(141, 254, 42, 0),
(142, 252, 43, 1),
(143, 267, 43, 1),
(144, 260, 43, 1),
(145, 250, 43, 1),
(146, 273, 43, 1),
(147, 266, 43, 1),
(148, 261, 43, 1),
(149, 283, 43, 1),
(150, 264, 43, 1),
(151, 255, 43, 1),
(152, 259, 43, 1),
(153, 281, 43, 1),
(154, 285, 43, 1),
(155, 256, 43, 1),
(156, 269, 43, 1),
(157, 257, 43, 1),
(158, 262, 43, 1),
(159, 268, 43, 1),
(160, 254, 43, 1),
(161, 275, 43, 1),
(162, 253, 43, 0),
(163, 271, 43, 0),
(164, 251, 43, 0),
(165, 274, 43, 0),
(166, 270, 43, 0),
(167, 263, 43, 0),
(168, 277, 43, 0),
(169, 258, 43, 0),
(170, 219, 43, 1),
(171, 240, 43, 1),
(172, 238, 43, 1),
(173, 229, 43, 1),
(174, 234, 43, 1),
(175, 215, 43, 1),
(176, 247, 43, 1),
(177, 223, 43, 1),
(178, 227, 43, 1),
(179, 222, 43, 1),
(180, 230, 43, 1),
(181, 241, 43, 1),
(182, 248, 43, 1),
(183, 221, 43, 1),
(184, 225, 43, 1),
(185, 245, 43, 1),
(186, 265, 43, 1),
(187, 237, 43, 1),
(188, 216, 43, 1),
(189, 232, 43, 1),
(190, 239, 43, 0),
(191, 218, 43, 0),
(192, 235, 43, 0),
(193, 242, 43, 0),
(194, 249, 43, 0),
(195, 217, 43, 0),
(196, 244, 43, 0),
(197, 226, 43, 0),
(198, 218, 44, 1),
(199, 215, 44, 1),
(200, 234, 44, 1),
(201, 236, 44, 1),
(202, 229, 44, 1),
(203, 217, 44, 1),
(204, 225, 44, 1),
(205, 237, 44, 1),
(206, 245, 44, 1),
(207, 238, 44, 1),
(208, 232, 44, 1),
(209, 248, 44, 1),
(210, 242, 44, 1),
(211, 220, 44, 1),
(212, 228, 44, 1),
(213, 227, 44, 1),
(214, 230, 44, 1),
(215, 249, 44, 1),
(216, 247, 44, 1),
(217, 240, 44, 1),
(218, 224, 44, 0),
(219, 241, 44, 0),
(220, 235, 44, 0),
(221, 223, 44, 0),
(222, 233, 44, 0),
(223, 226, 44, 0),
(224, 222, 44, 0),
(225, 216, 44, 0),
(226, 257, 44, 1),
(227, 274, 44, 1),
(228, 255, 44, 1),
(229, 259, 44, 1),
(230, 253, 44, 1),
(231, 263, 44, 1),
(232, 268, 44, 1),
(233, 251, 44, 1),
(234, 260, 44, 1),
(235, 277, 44, 1),
(236, 269, 44, 1),
(237, 256, 44, 1),
(238, 262, 44, 1),
(239, 261, 44, 1),
(240, 267, 44, 1),
(241, 275, 44, 1),
(242, 273, 44, 1),
(243, 270, 44, 1),
(244, 271, 44, 1),
(245, 283, 44, 1),
(246, 272, 44, 0),
(247, 250, 44, 0),
(248, 264, 44, 0),
(249, 252, 44, 0),
(250, 254, 44, 0),
(251, 281, 44, 0),
(252, 258, 44, 0),
(253, 266, 44, 0),
(254, 246, 45, 1),
(255, 265, 45, 1),
(256, 225, 45, 1),
(257, 222, 45, 1),
(258, 227, 45, 1),
(259, 215, 45, 1),
(260, 224, 45, 1),
(261, 244, 45, 1),
(262, 245, 45, 1),
(263, 234, 45, 1),
(264, 232, 45, 1),
(265, 236, 45, 1),
(266, 229, 45, 1),
(267, 226, 45, 1),
(268, 220, 45, 1),
(269, 223, 45, 1),
(270, 241, 45, 1),
(271, 233, 45, 1),
(272, 239, 45, 1),
(273, 235, 45, 1),
(274, 247, 45, 0),
(275, 221, 45, 0),
(276, 218, 45, 0),
(277, 230, 45, 0),
(278, 219, 45, 0),
(279, 238, 45, 0),
(280, 240, 45, 0),
(281, 228, 45, 0),
(282, 277, 45, 1),
(283, 268, 45, 1),
(284, 256, 45, 1),
(285, 260, 45, 1),
(286, 255, 45, 1),
(287, 275, 45, 1),
(288, 281, 45, 1),
(289, 272, 45, 1),
(290, 250, 45, 1),
(291, 283, 45, 1),
(292, 267, 45, 1),
(293, 285, 45, 1),
(294, 254, 45, 1),
(295, 251, 45, 1),
(296, 261, 45, 1),
(297, 252, 45, 1),
(298, 262, 45, 1),
(299, 253, 45, 1),
(300, 269, 45, 1),
(301, 257, 45, 1),
(302, 274, 45, 0),
(303, 258, 45, 0),
(304, 263, 45, 0),
(305, 259, 45, 0),
(306, 271, 45, 0),
(307, 266, 45, 0),
(308, 270, 45, 0),
(309, 264, 45, 0),
(310, 272, 47, 1),
(311, 281, 47, 1),
(312, 283, 47, 1),
(313, 257, 47, 1),
(314, 267, 47, 1),
(315, 254, 47, 1),
(316, 273, 47, 1),
(317, 268, 47, 1),
(318, 253, 47, 1),
(319, 263, 47, 1),
(320, 271, 47, 1),
(321, 264, 47, 1),
(322, 266, 47, 1),
(323, 260, 47, 1),
(324, 259, 47, 1),
(325, 256, 47, 1),
(326, 274, 47, 1),
(327, 252, 47, 1),
(328, 251, 47, 1),
(329, 270, 47, 1),
(330, 277, 47, 0),
(331, 285, 47, 0),
(332, 258, 47, 0),
(333, 275, 47, 0),
(334, 261, 47, 0),
(335, 250, 47, 0),
(336, 255, 47, 0),
(337, 262, 47, 0),
(338, 225, 47, 1),
(339, 227, 47, 1),
(340, 244, 47, 1),
(341, 239, 47, 1),
(342, 249, 47, 1),
(343, 219, 47, 1),
(344, 222, 47, 1),
(345, 236, 47, 1),
(346, 242, 47, 1),
(347, 226, 47, 1),
(348, 232, 47, 1),
(349, 216, 47, 1),
(350, 245, 47, 1),
(351, 221, 47, 1),
(352, 215, 47, 1),
(353, 218, 47, 1),
(354, 233, 47, 1),
(355, 220, 47, 1),
(356, 228, 47, 1),
(357, 231, 47, 1),
(358, 241, 47, 0),
(359, 265, 47, 0),
(360, 246, 47, 0),
(361, 237, 47, 0),
(362, 230, 47, 0),
(363, 240, 47, 0),
(364, 247, 47, 0),
(365, 229, 47, 0),
(366, 246, 48, 1),
(367, 226, 48, 1),
(368, 247, 48, 1),
(369, 241, 48, 1),
(370, 242, 48, 1),
(371, 221, 48, 1),
(372, 219, 48, 1),
(373, 223, 48, 1),
(374, 248, 48, 1),
(375, 222, 48, 1),
(376, 230, 48, 1),
(377, 225, 48, 1),
(378, 244, 48, 1),
(379, 224, 48, 1),
(380, 245, 48, 1),
(381, 233, 48, 1),
(382, 236, 48, 1),
(383, 231, 48, 1),
(384, 218, 48, 1),
(385, 249, 48, 1),
(386, 229, 48, 0),
(387, 228, 48, 0),
(388, 227, 48, 0),
(389, 235, 48, 0),
(390, 234, 48, 0),
(391, 239, 48, 0),
(392, 220, 48, 0),
(393, 232, 48, 0),
(394, 259, 48, 1),
(395, 251, 48, 1),
(396, 257, 48, 1),
(397, 272, 48, 1),
(398, 256, 48, 1),
(399, 277, 48, 1),
(400, 260, 48, 1),
(401, 254, 48, 1),
(402, 263, 48, 1),
(403, 274, 48, 1),
(404, 283, 48, 1),
(405, 253, 48, 1),
(406, 268, 48, 1),
(407, 271, 48, 1),
(408, 250, 48, 1),
(409, 255, 48, 1),
(410, 264, 48, 1),
(411, 258, 48, 1),
(412, 252, 48, 1),
(413, 266, 48, 1),
(414, 281, 48, 0),
(415, 273, 48, 0),
(416, 262, 48, 0),
(417, 285, 48, 0),
(418, 270, 48, 0),
(419, 275, 48, 0),
(420, 261, 48, 0),
(421, 267, 48, 0),
(422, 244, 49, 1),
(423, 235, 49, 1),
(424, 222, 49, 1),
(425, 245, 49, 1),
(426, 215, 49, 1),
(427, 231, 49, 1),
(428, 265, 49, 1),
(429, 240, 49, 1),
(430, 226, 49, 1),
(431, 229, 49, 1),
(432, 237, 49, 1),
(433, 246, 49, 1),
(434, 230, 49, 1),
(435, 239, 49, 1),
(436, 236, 49, 1),
(437, 234, 49, 1),
(438, 221, 49, 1),
(439, 223, 49, 1),
(440, 238, 49, 1),
(441, 242, 49, 1),
(442, 219, 49, 0),
(443, 228, 49, 0),
(444, 233, 49, 0),
(445, 232, 49, 0),
(446, 225, 49, 0),
(447, 224, 49, 0),
(448, 249, 49, 0),
(449, 227, 49, 0),
(450, 251, 49, 1),
(451, 269, 49, 1),
(452, 258, 49, 1),
(453, 277, 49, 1),
(454, 272, 49, 1),
(455, 256, 49, 1),
(456, 252, 49, 1),
(457, 285, 49, 1),
(458, 254, 49, 1),
(459, 267, 49, 1),
(460, 253, 49, 1),
(461, 255, 49, 1),
(462, 261, 49, 1),
(463, 262, 49, 1),
(464, 274, 49, 1),
(465, 275, 49, 1),
(466, 260, 49, 1),
(467, 283, 49, 1),
(468, 263, 49, 1),
(469, 271, 49, 1),
(470, 257, 49, 0),
(471, 250, 49, 0),
(472, 264, 49, 0),
(473, 268, 49, 0),
(474, 270, 49, 0),
(475, 266, 49, 0),
(476, 281, 49, 0),
(477, 259, 49, 0),
(478, 238, 50, 1),
(479, 229, 50, 1),
(480, 215, 50, 1),
(481, 228, 50, 1),
(482, 246, 50, 1),
(483, 247, 50, 1),
(484, 232, 50, 1),
(485, 219, 50, 1),
(486, 248, 50, 1),
(487, 218, 50, 1),
(488, 249, 50, 1),
(489, 221, 50, 1),
(490, 233, 50, 1),
(491, 245, 50, 1),
(492, 220, 50, 1),
(493, 244, 50, 1),
(494, 231, 50, 1),
(495, 234, 50, 1),
(496, 217, 50, 1),
(497, 235, 50, 1),
(498, 230, 50, 0),
(499, 239, 50, 0),
(500, 242, 50, 0),
(501, 240, 50, 0),
(502, 224, 50, 0),
(503, 241, 50, 0),
(504, 222, 50, 0),
(505, 237, 50, 0),
(506, 266, 50, 1),
(507, 270, 50, 1),
(508, 252, 50, 1),
(509, 264, 50, 1),
(510, 256, 50, 1),
(511, 268, 50, 1),
(512, 250, 50, 1),
(513, 262, 50, 1),
(514, 275, 50, 1),
(515, 272, 50, 1),
(516, 283, 50, 1),
(517, 255, 50, 1),
(518, 273, 50, 1),
(519, 258, 50, 1),
(520, 263, 50, 1),
(521, 281, 50, 1),
(522, 260, 50, 1),
(523, 261, 50, 1),
(524, 253, 50, 1),
(525, 277, 50, 1),
(526, 269, 50, 0),
(527, 251, 50, 0),
(528, 274, 50, 0),
(529, 257, 50, 0),
(530, 271, 50, 0),
(531, 259, 50, 0),
(532, 285, 50, 0),
(533, 267, 50, 0),
(534, 251, 51, 1),
(535, 273, 51, 1),
(536, 261, 51, 1),
(537, 267, 51, 1),
(538, 271, 51, 1),
(539, 272, 51, 1),
(540, 260, 51, 1),
(541, 268, 51, 1),
(542, 258, 51, 1),
(543, 257, 51, 1),
(544, 274, 51, 1),
(545, 269, 51, 1),
(546, 277, 51, 1),
(547, 263, 51, 1),
(548, 253, 51, 1),
(549, 255, 51, 1),
(550, 262, 51, 1),
(551, 285, 51, 1),
(552, 266, 51, 1),
(553, 252, 51, 1),
(554, 250, 51, 0),
(555, 270, 51, 0),
(556, 281, 51, 0),
(557, 256, 51, 0),
(558, 264, 51, 0),
(559, 275, 51, 0),
(560, 254, 51, 0),
(561, 283, 51, 0),
(562, 227, 51, 1),
(563, 239, 51, 1),
(564, 230, 51, 1),
(565, 235, 51, 1),
(566, 246, 51, 1),
(567, 217, 51, 1),
(568, 224, 51, 1),
(569, 215, 51, 1),
(570, 223, 51, 1),
(571, 242, 51, 1),
(572, 233, 51, 1),
(573, 247, 51, 1),
(574, 229, 51, 1),
(575, 265, 51, 1),
(576, 226, 51, 1),
(577, 218, 51, 1),
(578, 222, 51, 1),
(579, 241, 51, 1),
(580, 249, 51, 1),
(581, 228, 51, 1),
(582, 221, 51, 0),
(583, 240, 51, 0),
(584, 248, 51, 0),
(585, 225, 51, 0),
(586, 234, 51, 0),
(587, 237, 51, 0),
(588, 232, 51, 0),
(589, 219, 51, 0),
(590, 233, 52, 1),
(591, 217, 52, 1),
(592, 244, 52, 1),
(593, 220, 52, 1),
(594, 237, 52, 1),
(595, 221, 52, 1),
(596, 224, 52, 1),
(597, 240, 52, 1),
(598, 241, 52, 1),
(599, 246, 52, 1),
(600, 230, 52, 1),
(601, 247, 52, 1),
(602, 228, 52, 1),
(603, 231, 52, 1),
(604, 215, 52, 1),
(605, 242, 52, 1),
(606, 218, 52, 1),
(607, 232, 52, 1),
(608, 235, 52, 1),
(609, 236, 52, 1),
(610, 225, 52, 0),
(611, 226, 52, 0),
(612, 234, 52, 0),
(613, 239, 52, 0),
(614, 222, 52, 0),
(615, 216, 52, 0),
(616, 248, 52, 0),
(617, 249, 52, 0),
(618, 269, 52, 1),
(619, 281, 52, 1),
(620, 259, 52, 1),
(621, 262, 52, 1),
(622, 275, 52, 1),
(623, 283, 52, 1),
(624, 260, 52, 1),
(625, 277, 52, 1),
(626, 263, 52, 1),
(627, 267, 52, 1),
(628, 266, 52, 1),
(629, 255, 52, 1),
(630, 270, 52, 1),
(631, 250, 52, 1),
(632, 272, 52, 1),
(633, 253, 52, 1),
(634, 274, 52, 1),
(635, 251, 52, 1),
(636, 261, 52, 1),
(637, 254, 52, 1),
(638, 252, 52, 0),
(639, 256, 52, 0),
(640, 264, 52, 0),
(641, 257, 52, 0),
(642, 258, 52, 0),
(643, 271, 52, 0),
(644, 268, 52, 0),
(645, 285, 52, 0),
(646, 217, 53, 1),
(647, 228, 53, 1),
(648, 265, 53, 1),
(649, 218, 53, 1),
(650, 238, 53, 1),
(651, 226, 53, 1),
(652, 224, 53, 1),
(653, 245, 53, 1),
(654, 247, 53, 1),
(655, 239, 53, 1),
(656, 223, 53, 1),
(657, 220, 53, 1),
(658, 229, 53, 1),
(659, 231, 53, 1),
(660, 235, 53, 1),
(661, 249, 53, 1),
(662, 232, 53, 1),
(663, 219, 53, 1),
(664, 240, 53, 1),
(665, 222, 53, 1),
(666, 244, 53, 0),
(667, 234, 53, 0),
(668, 215, 53, 0),
(669, 233, 53, 0),
(670, 242, 53, 0),
(671, 221, 53, 0),
(672, 236, 53, 0),
(673, 227, 53, 0),
(674, 261, 53, 1),
(675, 270, 53, 1),
(676, 275, 53, 1),
(677, 256, 53, 1),
(678, 283, 53, 1),
(679, 266, 53, 1),
(680, 273, 53, 1),
(681, 264, 53, 1),
(682, 257, 53, 1),
(683, 253, 53, 1),
(684, 251, 53, 1),
(685, 252, 53, 1),
(686, 263, 53, 1),
(687, 272, 53, 1),
(688, 277, 53, 1),
(689, 258, 53, 1),
(690, 281, 53, 1),
(691, 268, 53, 1),
(692, 267, 53, 1),
(693, 250, 53, 1),
(694, 255, 53, 0),
(695, 274, 53, 0),
(696, 259, 53, 0),
(697, 285, 53, 0),
(698, 260, 53, 0),
(699, 271, 53, 0),
(700, 269, 53, 0),
(701, 262, 53, 0),
(758, 247, 54, 1),
(759, 215, 54, 1),
(760, 234, 54, 1),
(761, 242, 54, 1),
(762, 218, 54, 1),
(763, 235, 54, 1),
(764, 230, 54, 1),
(765, 216, 54, 1),
(766, 228, 54, 1),
(767, 249, 54, 1),
(768, 248, 54, 1),
(769, 226, 54, 1),
(770, 236, 54, 1),
(771, 233, 54, 1),
(772, 239, 54, 1),
(773, 237, 54, 1),
(774, 245, 54, 1),
(775, 232, 54, 1),
(776, 227, 54, 1),
(777, 244, 54, 1),
(778, 246, 54, 0),
(779, 224, 54, 0),
(780, 217, 54, 0),
(781, 240, 54, 0),
(782, 220, 54, 0),
(783, 222, 54, 0),
(784, 223, 54, 0),
(785, 238, 54, 0),
(786, 283, 54, 1),
(787, 267, 54, 1),
(788, 261, 54, 1),
(789, 281, 54, 1),
(790, 256, 54, 1),
(791, 253, 54, 1),
(792, 258, 54, 1),
(793, 260, 54, 1),
(794, 255, 54, 1),
(795, 271, 54, 1),
(796, 251, 54, 1),
(797, 277, 54, 1),
(798, 273, 54, 1),
(799, 268, 54, 1),
(800, 275, 54, 1),
(801, 263, 54, 1),
(802, 252, 54, 1),
(803, 250, 54, 1),
(804, 264, 54, 1),
(805, 285, 54, 1),
(806, 266, 54, 0),
(807, 270, 54, 0),
(808, 257, 54, 0),
(809, 272, 54, 0),
(810, 274, 54, 0),
(811, 262, 54, 0),
(812, 254, 54, 0),
(813, 259, 54, 0),
(814, 237, 55, 1),
(815, 238, 55, 1),
(816, 217, 55, 1),
(817, 234, 55, 1),
(818, 218, 55, 1),
(819, 248, 55, 1),
(820, 222, 55, 1),
(821, 215, 55, 1),
(822, 265, 55, 1),
(823, 244, 55, 1),
(824, 225, 55, 1),
(825, 240, 55, 1),
(826, 242, 55, 1),
(827, 221, 55, 1),
(828, 241, 55, 1),
(829, 236, 55, 1),
(830, 231, 55, 1),
(831, 249, 55, 1),
(832, 239, 55, 1),
(833, 232, 55, 1),
(834, 216, 55, 0),
(835, 224, 55, 0),
(836, 235, 55, 0),
(837, 228, 55, 0),
(838, 246, 55, 0),
(839, 223, 55, 0),
(840, 227, 55, 0),
(841, 229, 55, 0),
(842, 251, 55, 1),
(843, 273, 55, 1),
(844, 277, 55, 1),
(845, 258, 55, 1),
(846, 283, 55, 1),
(847, 263, 55, 1),
(848, 266, 55, 1),
(849, 253, 55, 1),
(850, 256, 55, 1),
(851, 267, 55, 1),
(852, 272, 55, 1),
(853, 271, 55, 1),
(854, 264, 55, 1),
(855, 254, 55, 1),
(856, 262, 55, 1),
(857, 257, 55, 1),
(858, 275, 55, 1),
(859, 268, 55, 1),
(860, 269, 55, 1),
(861, 274, 55, 1),
(862, 270, 55, 0),
(863, 261, 55, 0),
(864, 285, 55, 0),
(865, 250, 55, 0),
(866, 252, 55, 0),
(867, 281, 55, 0),
(868, 260, 55, 0),
(869, 255, 55, 0),
(870, 215, 56, 1),
(871, 248, 56, 1),
(872, 226, 56, 1),
(873, 231, 56, 1),
(874, 235, 56, 1),
(875, 240, 56, 1),
(876, 242, 56, 1),
(877, 223, 56, 1),
(878, 222, 56, 1),
(879, 265, 56, 1),
(880, 236, 56, 1),
(881, 216, 56, 1),
(882, 237, 56, 1),
(883, 233, 56, 1),
(884, 227, 56, 1),
(885, 249, 56, 1),
(886, 217, 56, 1),
(887, 229, 56, 1),
(888, 221, 56, 1),
(889, 245, 56, 1),
(890, 244, 56, 0),
(891, 230, 56, 0),
(892, 218, 56, 0),
(893, 225, 56, 0),
(894, 228, 56, 0),
(895, 241, 56, 0),
(896, 220, 56, 0),
(897, 219, 56, 0),
(898, 255, 56, 1),
(899, 270, 56, 1),
(900, 283, 56, 1),
(901, 285, 56, 1),
(902, 266, 56, 1),
(903, 269, 56, 1),
(904, 261, 56, 1),
(905, 263, 56, 1),
(906, 253, 56, 1),
(907, 268, 56, 1),
(908, 258, 56, 1),
(909, 274, 56, 1),
(910, 260, 56, 1),
(911, 272, 56, 1),
(912, 256, 56, 1),
(913, 281, 56, 1),
(914, 275, 56, 1),
(915, 257, 56, 1),
(916, 264, 56, 1),
(917, 254, 56, 1),
(918, 262, 56, 0),
(919, 250, 56, 0),
(920, 259, 56, 0),
(921, 251, 56, 0),
(922, 252, 56, 0),
(923, 267, 56, 0),
(924, 273, 56, 0),
(925, 277, 56, 0),
(926, 228, 57, 1),
(927, 238, 57, 1),
(928, 225, 57, 1),
(929, 231, 57, 1),
(930, 227, 57, 1),
(931, 240, 57, 1),
(932, 230, 57, 1),
(933, 217, 57, 1),
(934, 216, 57, 1),
(935, 226, 57, 1),
(936, 249, 57, 1),
(937, 215, 57, 1),
(938, 220, 57, 1),
(939, 219, 57, 1),
(940, 236, 57, 1),
(941, 233, 57, 1),
(942, 247, 57, 1),
(943, 234, 57, 1),
(944, 241, 57, 1),
(945, 232, 57, 1),
(946, 265, 57, 0),
(947, 223, 57, 0),
(948, 222, 57, 0),
(949, 244, 57, 0),
(950, 248, 57, 0),
(951, 224, 57, 0),
(952, 235, 57, 0),
(953, 239, 57, 0),
(954, 635, 57, 1),
(955, 609, 57, 1),
(956, 591, 57, 1),
(957, 642, 57, 1),
(958, 602, 57, 1),
(959, 634, 57, 1),
(960, 631, 57, 1),
(961, 608, 57, 1),
(962, 592, 57, 1),
(963, 628, 57, 1),
(964, 611, 57, 1),
(965, 641, 57, 1),
(966, 616, 57, 1),
(967, 638, 57, 1),
(968, 623, 57, 1),
(969, 619, 57, 1),
(970, 603, 57, 1),
(971, 636, 57, 1),
(972, 594, 57, 1),
(973, 621, 57, 1),
(974, 630, 57, 0),
(975, 596, 57, 0),
(976, 604, 57, 0),
(977, 586, 57, 0),
(978, 640, 57, 0),
(979, 589, 57, 0),
(980, 614, 57, 0),
(981, 600, 57, 0),
(982, 277, 57, 1),
(983, 272, 57, 1),
(984, 262, 57, 1),
(985, 285, 57, 1),
(986, 273, 57, 1),
(987, 257, 57, 1),
(988, 259, 57, 1),
(989, 281, 57, 1),
(990, 270, 57, 1),
(991, 283, 57, 1),
(992, 266, 57, 1),
(993, 253, 57, 1),
(994, 269, 57, 1),
(995, 264, 57, 1),
(996, 271, 57, 1),
(997, 275, 57, 1),
(998, 254, 57, 1),
(999, 261, 57, 1),
(1000, 260, 57, 1),
(1001, 252, 57, 1),
(1002, 258, 57, 0),
(1003, 263, 57, 0),
(1004, 251, 57, 0),
(1005, 255, 57, 0),
(1006, 268, 57, 0),
(1007, 250, 57, 0),
(1008, 274, 57, 0),
(1009, 267, 57, 0),
(1010, 221, 58, 1),
(1011, 245, 58, 1),
(1012, 227, 58, 1),
(1013, 216, 58, 1),
(1014, 244, 58, 1),
(1015, 233, 58, 1),
(1016, 265, 58, 1),
(1017, 235, 58, 1),
(1018, 225, 58, 1),
(1019, 241, 58, 1),
(1020, 231, 58, 1),
(1021, 217, 58, 1),
(1022, 248, 58, 1),
(1023, 249, 58, 1),
(1024, 239, 58, 1),
(1025, 236, 58, 1),
(1026, 242, 58, 1),
(1027, 228, 58, 1),
(1028, 226, 58, 1),
(1029, 240, 58, 1),
(1030, 215, 58, 0),
(1031, 218, 58, 0),
(1032, 229, 58, 0),
(1033, 230, 58, 0),
(1034, 247, 58, 0),
(1035, 238, 58, 0),
(1036, 224, 58, 0),
(1037, 220, 58, 0),
(1038, 252, 58, 1),
(1039, 253, 58, 1),
(1040, 261, 58, 1),
(1041, 274, 58, 1),
(1042, 260, 58, 1),
(1043, 254, 58, 1),
(1044, 277, 58, 1),
(1045, 251, 58, 1),
(1046, 257, 58, 1),
(1047, 264, 58, 1),
(1048, 266, 58, 1),
(1049, 283, 58, 1),
(1050, 272, 58, 1),
(1051, 270, 58, 1),
(1052, 256, 58, 1),
(1053, 269, 58, 1),
(1054, 255, 58, 1),
(1055, 267, 58, 1),
(1056, 263, 58, 1),
(1057, 285, 58, 1),
(1058, 271, 58, 0),
(1059, 281, 58, 0),
(1060, 250, 58, 0),
(1061, 258, 58, 0),
(1062, 275, 58, 0),
(1063, 259, 58, 0),
(1064, 268, 58, 0),
(1065, 262, 58, 0),
(1066, 601, 63, 1),
(1067, 605, 63, 1),
(1068, 636, 63, 1),
(1069, 619, 63, 1),
(1070, 614, 63, 1),
(1071, 602, 63, 1),
(1072, 609, 63, 1),
(1073, 585, 63, 1),
(1074, 592, 63, 1),
(1075, 640, 63, 1),
(1076, 611, 63, 1),
(1077, 622, 63, 1),
(1078, 617, 63, 1),
(1079, 603, 63, 1),
(1080, 621, 63, 1),
(1081, 629, 63, 1),
(1082, 597, 63, 1),
(1083, 588, 63, 1),
(1084, 630, 63, 1),
(1085, 632, 63, 1),
(1086, 616, 63, 0),
(1087, 631, 63, 0),
(1088, 590, 63, 0),
(1089, 613, 63, 0),
(1090, 595, 63, 0),
(1091, 637, 63, 0),
(1092, 633, 63, 0),
(1093, 643, 63, 0),
(1094, 251, 63, 1),
(1095, 255, 63, 1),
(1096, 253, 63, 1),
(1097, 277, 63, 1),
(1098, 261, 63, 1),
(1099, 258, 63, 1),
(1100, 281, 63, 1),
(1101, 269, 63, 1),
(1102, 263, 63, 1),
(1103, 275, 63, 1),
(1104, 283, 63, 1),
(1105, 268, 63, 1),
(1106, 264, 63, 1),
(1107, 272, 63, 1),
(1108, 252, 63, 1),
(1109, 256, 63, 1),
(1110, 273, 63, 1),
(1111, 262, 63, 1),
(1112, 266, 63, 1),
(1113, 257, 63, 1),
(1114, 274, 63, 0),
(1115, 250, 63, 0),
(1116, 271, 63, 0),
(1117, 259, 63, 0),
(1118, 267, 63, 0),
(1119, 260, 63, 0),
(1120, 270, 63, 0),
(1121, 285, 63, 0),
(1122, 236, 63, 1),
(1123, 240, 63, 1),
(1124, 247, 63, 1),
(1125, 223, 63, 1),
(1126, 227, 63, 1),
(1127, 265, 63, 1),
(1128, 229, 63, 1),
(1129, 245, 63, 1),
(1130, 244, 63, 1),
(1131, 242, 63, 1),
(1132, 248, 63, 1),
(1133, 215, 63, 1),
(1134, 226, 63, 1),
(1135, 222, 63, 1),
(1136, 233, 63, 1),
(1137, 241, 63, 1),
(1138, 237, 63, 1),
(1139, 246, 63, 1),
(1140, 249, 63, 1),
(1141, 217, 63, 1),
(1142, 220, 63, 0),
(1143, 216, 63, 0),
(1144, 231, 63, 0),
(1145, 234, 63, 0),
(1146, 228, 63, 0),
(1147, 235, 63, 0),
(1148, 230, 63, 0),
(1149, 238, 63, 0);

-- --------------------------------------------------------

--
-- Table structure for table `assessments`
--

DROP TABLE IF EXISTS `assessments`;
CREATE TABLE IF NOT EXISTS `assessments` (
  `ID` int(11) NOT NULL,
  `start_date` datetime NOT NULL,
  `end_date` datetime DEFAULT NULL,
  `catID` int(11) NOT NULL,
  `classID` int(11) DEFAULT NULL
) ENGINE=InnoDB AUTO_INCREMENT=65 DEFAULT CHARSET=latin1;

--
-- Truncate table before insert `assessments`
--

TRUNCATE TABLE `assessments`;
--
-- Dumping data for table `assessments`
--

INSERT INTO `assessments` (`ID`, `start_date`, `end_date`, `catID`, `classID`) VALUES
(38, '2018-02-04 00:00:00', '2018-02-27 00:00:00', 28, 1),
(39, '2018-02-01 00:00:00', '2018-02-20 00:00:00', 28, 1),
(40, '2018-02-02 00:00:00', '2018-02-28 00:00:00', 31, 1),
(41, '2018-03-01 00:00:00', '2018-03-21 00:00:00', 28, 1),
(42, '2018-03-07 00:00:00', '2018-03-17 00:00:00', 28, 1),
(43, '2018-03-12 00:00:00', '2018-03-21 00:00:00', 28, 1),
(44, '2018-03-12 00:00:00', '2018-03-19 00:00:00', 31, 1),
(45, '2018-03-05 00:00:00', '2018-03-12 00:00:00', 28, 1),
(47, '2018-04-04 00:00:00', '2018-04-11 00:00:00', 28, 1),
(48, '2018-04-09 00:00:00', '2018-04-16 00:00:00', 28, 1),
(49, '2018-04-16 00:00:00', '2018-04-23 00:00:00', 28, NULL),
(50, '2018-04-16 00:00:00', '2018-04-23 00:00:00', 28, NULL),
(51, '2018-04-11 00:00:00', '2018-04-18 00:00:00', 28, NULL),
(52, '2018-04-16 00:00:00', '2018-04-23 00:00:00', 28, NULL),
(53, '2018-04-17 00:00:00', '2018-04-20 00:00:00', 28, NULL),
(54, '2018-04-17 00:00:00', '2018-04-24 00:00:00', 28, NULL),
(55, '2018-04-17 00:00:00', '2018-04-24 00:00:00', 28, NULL),
(56, '2018-04-17 00:00:00', '2018-04-24 00:00:00', 28, NULL),
(57, '2018-04-01 00:00:00', '2018-04-24 00:00:00', 31, NULL),
(58, '2018-04-19 00:00:00', '2018-04-26 00:00:00', 28, NULL),
(59, '2018-04-19 00:00:00', '2018-04-26 00:00:00', 31, NULL),
(60, '2018-04-19 00:00:00', '2018-04-26 00:00:00', 31, NULL),
(61, '2018-04-19 00:00:00', '2018-04-26 00:00:00', 31, NULL),
(62, '2018-04-19 00:00:00', '2018-04-26 00:00:00', 31, NULL),
(63, '2018-04-19 00:00:00', '2018-04-26 00:00:00', 31, NULL),
(64, '2018-04-19 00:00:00', '2018-04-26 00:00:00', 31, NULL);

-- --------------------------------------------------------

--
-- Table structure for table `categories`
--

DROP TABLE IF EXISTS `categories`;
CREATE TABLE IF NOT EXISTS `categories` (
  `ID` int(11) NOT NULL,
  `name` varchar(50) NOT NULL,
  `level` int(11) NOT NULL
) ENGINE=InnoDB AUTO_INCREMENT=48 DEFAULT CHARSET=latin1;

--
-- Truncate table before insert `categories`
--

TRUNCATE TABLE `categories`;
--
-- Dumping data for table `categories`
--

INSERT INTO `categories` (`ID`, `name`, `level`) VALUES
(28, 'Physical Science', 4),
(29, 'Life Science', 4),
(30, 'Earth Science', 4),
(31, 'Physical Science', 5),
(32, 'Life Science', 5),
(33, 'Earth Science', 5),
(41, 'Physical Science', 6),
(42, 'Life Science', 6),
(43, 'Earth Science', 6),
(44, 'Engineering Science', 6),
(45, 'Physical Science', 3),
(46, 'Life Science', 3),
(47, 'Earth and Space Science', 3);

-- --------------------------------------------------------

--
-- Table structure for table `classes`
--

DROP TABLE IF EXISTS `classes`;
CREATE TABLE IF NOT EXISTS `classes` (
  `ID` int(11) NOT NULL,
  `name` varchar(50) NOT NULL,
  `gradeLevel` int(11) NOT NULL,
  `schoolID` int(11) NOT NULL
) ENGINE=InnoDB AUTO_INCREMENT=1000 DEFAULT CHARSET=latin1;

--
-- Truncate table before insert `classes`
--

TRUNCATE TABLE `classes`;
--
-- Dumping data for table `classes`
--

INSERT INTO `classes` (`ID`, `name`, `gradeLevel`, `schoolID`) VALUES
(1, 'Homeroom 9AM', 4, 3),
(12, 'Science 12:30 PM', 4, 3),
(14, '4th Grade Science', 5, 6),
(999, 'Admin Class', 4, 999);

-- --------------------------------------------------------

--
-- Table structure for table `classlist`
--

DROP TABLE IF EXISTS `classlist`;
CREATE TABLE IF NOT EXISTS `classlist` (
  `classID` int(11) NOT NULL,
  `accountID` int(11) NOT NULL
) ENGINE=InnoDB DEFAULT CHARSET=latin1;

--
-- Truncate table before insert `classlist`
--

TRUNCATE TABLE `classlist`;
--
-- Dumping data for table `classlist`
--

INSERT INTO `classlist` (`classID`, `accountID`) VALUES
(1, 4),
(1, 1),
(14, 5),
(1, 3),
(12, 1),
(12, 4),
(999, 2);

-- --------------------------------------------------------

--
-- Table structure for table `password_change_requests`
--

DROP TABLE IF EXISTS `password_change_requests`;
CREATE TABLE IF NOT EXISTS `password_change_requests` (
  `ID` char(64) NOT NULL,
  `time` datetime NOT NULL,
  `userID` varchar(50) DEFAULT NULL
) ENGINE=InnoDB DEFAULT CHARSET=latin1;

--
-- Truncate table before insert `password_change_requests`
--

TRUNCATE TABLE `password_change_requests`;
--
-- Dumping data for table `password_change_requests`
--

INSERT INTO `password_change_requests` (`ID`, `time`, `userID`) VALUES
('02bd1211520158d6c85d605f16af9699', '2018-04-18 01:04:21', 'sconoye@siue.edu'),
('21fd1bb803c83c4b54613976a27db084', '2018-04-18 01:04:20', 'sconoye@siue.edu'),
('24ee2664787ceb3935592fd49afa672c', '2018-04-18 10:04:46', 'bpshelton01@gmail.com'),
('46a98c64479774369c9f059c5d312cc0', '2018-04-18 10:04:28', 'bpshelton01@gmail.com'),
('7a432a82a2089d895dda5d82ddcfd4c2', '2018-04-12 10:04:40', 'bpshelton01@gmail.com'),
('7c72731fc9f93ba684b4328caa983a48', '2018-04-18 01:04:48', 'sconoye@siue.edu'),
('89c0b61dd85ece4a229ad7322a9024a0', '2018-02-10 09:02:14', 'admin@test.com'),
('95de2a6523a8bd2caf513d142c918ce6', '2018-04-12 10:04:28', 'bpshelton01@gmail.com'),
('a3500e974284b2b3df2db0057cf7020e', '2018-04-12 10:04:31', 'bpshelton01@gmail.com'),
('de13ec8fca5e3f9913bde456177334b5', '2018-04-12 09:04:53', 'stu@dent.com'),
('fba586a98baf7cfbd52200ce65b4bd10', '2018-04-12 10:04:04', 'bpshelton01@gmail.com');

-- --------------------------------------------------------

--
-- Table structure for table `results`
--

DROP TABLE IF EXISTS `results`;
CREATE TABLE IF NOT EXISTS `results` (
  `ID` int(11) NOT NULL,
  `studentID` int(11) NOT NULL,
  `assessmentID` int(11) NOT NULL,
  `termID` int(11) NOT NULL,
  `matchID` int(11) DEFAULT NULL,
  `correct` tinyint(1) NOT NULL
) ENGINE=InnoDB AUTO_INCREMENT=190 DEFAULT CHARSET=latin1;

--
-- Truncate table before insert `results`
--

TRUNCATE TABLE `results`;
--
-- Dumping data for table `results`
--

INSERT INTO `results` (`ID`, `studentID`, `assessmentID`, `termID`, `matchID`, `correct`) VALUES
(10, 3, 42, 215, 241, 0),
(11, 3, 42, 216, 218, 0),
(12, 3, 42, 217, 219, 0),
(13, 3, 42, 218, 215, 0),
(14, 3, 42, 219, 242, 0),
(15, 3, 42, 221, 226, 0),
(16, 3, 42, 226, 221, 0),
(17, 3, 42, 223, 245, 0),
(18, 3, 42, 225, 223, 0),
(19, 4, 42, 220, 220, 1),
(20, 3, 42, 228, 231, 0),
(21, 3, 42, 227, 230, 0),
(22, 3, 42, 230, 227, 0),
(23, 3, 42, 231, 246, 0),
(24, 3, 42, 234, 234, 1),
(25, 3, 42, 235, 235, 1),
(26, 3, 42, 236, 238, 0),
(27, 3, 42, 238, 265, 0),
(28, 3, 42, 237, 249, 0),
(29, 3, 42, 240, 237, 0),
(30, 3, 41, 215, 216, 0),
(31, 3, 41, 216, 238, 0),
(32, 4, 41, 216, 215, 1),
(33, 3, 41, 219, 219, 1),
(34, 3, 41, 219, 216, 0),
(35, 3, 41, 220, 239, 0),
(36, 3, 41, 222, 220, 0),
(37, 3, 41, 223, 223, 1),
(38, 3, 41, 223, 222, 0),
(39, 3, 41, 222, 241, 0),
(40, 3, 41, 227, 248, 0),
(41, 3, 41, 228, 228, 1),
(42, 3, 41, 229, 242, 0),
(43, 3, 41, 229, 227, 0),
(44, 3, 41, 231, 229, 0),
(45, 3, 41, 231, 265, 0),
(46, 3, 41, 232, 232, 1),
(47, 3, 41, 234, 232, 0),
(48, 3, 41, 234, 249, 0),
(49, 3, 41, 232, 231, 0),
(50, 4, 41, 219, 216, 0),
(51, 3, 43, 226, 222, 0),
(52, 3, 43, 234, 248, 0),
(53, 3, 43, 216, 219, 0),
(54, 3, 43, 222, 226, 0),
(55, 3, 43, 219, 216, 0),
(56, 3, 43, 242, 225, 0),
(57, 3, 43, 225, 229, 0),
(58, 3, 43, 215, 244, 0),
(59, 3, 43, 230, 230, 1),
(60, 3, 43, 232, 232, 1),
(61, 3, 43, 249, 237, 0),
(62, 3, 43, 245, 227, 0),
(63, 3, 43, 247, 249, 0),
(64, 3, 43, 239, 240, 0),
(65, 3, 43, 241, 238, 0),
(66, 3, 43, 238, 223, 0),
(67, 3, 43, 217, 217, 1),
(68, 3, 43, 265, 235, 0),
(69, 3, 43, 223, 221, 0),
(70, 3, 44, 218, 218, 1),
(71, 3, 44, 223, 223, 1),
(72, 3, 44, 228, 249, 0),
(73, 3, 44, 217, 228, 0),
(74, 3, 44, 240, 240, 1),
(75, 3, 44, 232, 220, 0),
(76, 3, 44, 215, 235, 0),
(77, 3, 44, 233, 227, 0),
(78, 3, 44, 227, 215, 0),
(79, 3, 44, 225, 225, 1),
(80, 3, 44, 224, 216, 0),
(81, 3, 44, 248, 229, 0),
(82, 3, 44, 234, 224, 0),
(83, 3, 44, 226, 226, 1),
(84, 3, 44, 230, 230, 1),
(85, 3, 44, 237, 237, 1),
(86, 3, 44, 241, 236, 0),
(87, 3, 44, 242, 222, 0),
(88, 3, 44, 236, 241, 0),
(89, 3, 44, 222, 242, 0),
(90, 3, 39, 225, 225, 1),
(91, 3, 39, 230, 215, 0),
(92, 3, 39, 215, 216, 0),
(93, 3, 39, 235, 230, 0),
(94, 3, 39, 248, 235, 0),
(95, 3, 39, 247, 247, 1),
(96, 3, 39, 217, 217, 1),
(97, 3, 39, 233, 231, 0),
(98, 3, 39, 218, 265, 0),
(99, 3, 39, 231, 240, 0),
(100, 3, 39, 242, 237, 0),
(101, 3, 39, 225, 225, 1),
(102, 3, 39, 240, 240, 1),
(103, 3, 39, 235, 223, 0),
(104, 3, 39, 223, 242, 0),
(105, 3, 39, 237, 233, 0),
(106, 3, 39, 233, 220, 0),
(107, 3, 39, 224, 224, 1),
(108, 3, 39, 215, 237, 0),
(109, 3, 39, 231, 215, 0),
(110, 3, 47, 228, 265, 0),
(111, 3, 47, 226, 226, 1),
(112, 3, 47, 229, 229, 1),
(113, 3, 47, 249, 249, 1),
(114, 3, 47, 225, 225, 1),
(115, 3, 47, 237, 237, 1),
(116, 3, 47, 232, 232, 1),
(117, 3, 47, 219, 219, 1),
(118, 3, 47, 215, 215, 1),
(119, 3, 47, 231, 231, 1),
(120, 3, 47, 283, 283, 1),
(121, 3, 47, 264, 264, 1),
(122, 3, 47, 274, 274, 1),
(123, 3, 47, 250, 250, 1),
(124, 3, 47, 277, 277, 1),
(125, 3, 47, 266, 266, 1),
(126, 3, 47, 268, 268, 1),
(127, 3, 47, 285, 285, 1),
(128, 3, 47, 257, 257, 1),
(129, 3, 47, 255, 255, 1),
(130, 3, 48, 246, 245, 0),
(131, 3, 48, 235, 235, 1),
(132, 3, 48, 245, 221, 0),
(133, 3, 48, 221, 246, 0),
(134, 3, 48, 249, 249, 1),
(135, 3, 48, 230, 233, 0),
(136, 3, 48, 226, 230, 0),
(137, 3, 48, 233, 234, 0),
(138, 3, 48, 219, 227, 0),
(139, 3, 48, 234, 219, 0),
(140, 3, 48, 229, 236, 0),
(141, 3, 48, 225, 232, 0),
(142, 3, 48, 247, 242, 0),
(143, 3, 48, 239, 247, 0),
(144, 3, 48, 236, 229, 0),
(145, 3, 48, 223, 241, 0),
(146, 3, 48, 228, 220, 0),
(147, 3, 48, 244, 218, 0),
(148, 3, 48, 241, 222, 0),
(149, 3, 48, 220, 223, 0),
(150, 3, 51, 246, 227, 0),
(151, 3, 51, 242, 249, 0),
(152, 3, 51, 249, 229, 0),
(153, 3, 51, 219, 240, 0),
(154, 3, 51, 227, 242, 0),
(155, 3, 51, 225, 228, 0),
(156, 3, 51, 233, 235, 0),
(157, 3, 51, 226, 217, 0),
(158, 3, 51, 228, 225, 0),
(159, 3, 51, 217, 232, 0),
(160, 3, 51, 234, 223, 0),
(161, 3, 51, 239, 241, 0),
(162, 3, 51, 224, 239, 0),
(163, 3, 51, 221, 221, 1),
(164, 3, 51, 218, 234, 0),
(165, 3, 51, 247, 248, 0),
(166, 3, 51, 230, 247, 0),
(167, 3, 51, 222, 230, 0),
(168, 3, 51, 237, 265, 0),
(169, 3, 51, 215, 237, 0),
(170, 3, 57, 232, 232, 1),
(171, 3, 57, 240, 240, 1),
(172, 3, 57, 228, 216, 0),
(173, 3, 57, 244, 244, 1),
(174, 3, 57, 236, 236, 1),
(175, 3, 57, 249, 249, 1),
(176, 3, 57, 230, 222, 0),
(177, 3, 57, 233, 233, 1),
(178, 3, 57, 248, 248, 1),
(179, 3, 57, 238, 238, 1),
(180, 3, 57, 265, 265, 1),
(181, 3, 57, 215, 239, 0),
(182, 3, 57, 247, 247, 1),
(183, 3, 57, 224, 227, 0),
(184, 3, 57, 225, 225, 1),
(185, 3, 57, 223, 235, 0),
(186, 3, 57, 220, 223, 0),
(187, 3, 57, 231, 226, 0),
(188, 3, 57, 217, 231, 0),
(189, 3, 57, 235, 220, 0);

-- --------------------------------------------------------

--
-- Table structure for table `schools`
--

DROP TABLE IF EXISTS `schools`;
CREATE TABLE IF NOT EXISTS `schools` (
  `ID` int(11) NOT NULL,
  `name` varchar(100) NOT NULL
) ENGINE=InnoDB AUTO_INCREMENT=1000 DEFAULT CHARSET=latin1;

--
-- Truncate table before insert `schools`
--

TRUNCATE TABLE `schools`;
--
-- Dumping data for table `schools`
--

INSERT INTO `schools` (`ID`, `name`) VALUES
(3, 'Edwardsville'),
(6, 'Fox C-9'),
(15, 'Another Test school'),
(19, 'Admin School'),
(999, 'Admin School');

-- --------------------------------------------------------

--
-- Table structure for table `students`
--

DROP TABLE IF EXISTS `students`;
CREATE TABLE IF NOT EXISTS `students` (
  `ID` int(11) NOT NULL,
  `classID` int(11) NOT NULL
) ENGINE=InnoDB AUTO_INCREMENT=2 DEFAULT CHARSET=latin1;

--
-- Truncate table before insert `students`
--

TRUNCATE TABLE `students`;
--
-- Dumping data for table `students`
--

INSERT INTO `students` (`ID`, `classID`) VALUES
(1, 1);

-- --------------------------------------------------------

--
-- Table structure for table `teachers`
--

DROP TABLE IF EXISTS `teachers`;
CREATE TABLE IF NOT EXISTS `teachers` (
  `ID` int(11) NOT NULL,
  `name` varchar(50) DEFAULT NULL,
  `email` varchar(50) NOT NULL,
  `password` varchar(128) DEFAULT NULL,
  `classID` int(11) NOT NULL
) ENGINE=InnoDB DEFAULT CHARSET=latin1;

--
-- Truncate table before insert `teachers`
--

TRUNCATE TABLE `teachers`;
-- --------------------------------------------------------

--
-- Table structure for table `terms`
--

DROP TABLE IF EXISTS `terms`;
CREATE TABLE IF NOT EXISTS `terms` (
  `ID` int(11) NOT NULL,
  `name` varchar(50) NOT NULL,
  `definition` varchar(500) NOT NULL,
  `catID` int(11) DEFAULT NULL
) ENGINE=InnoDB AUTO_INCREMENT=849 DEFAULT CHARSET=latin1;

--
-- Truncate table before insert `terms`
--

TRUNCATE TABLE `terms`;
--
-- Dumping data for table `terms`
--

INSERT INTO `terms` (`ID`, `name`, `definition`, `catID`) VALUES
(215, 'Energy', 'the ability to do work or be active', 28),
(216, 'Speed  ', 'rate of motion; the act of moving rapidly or swifly', 28),
(217, 'Sound', 'anything that people or animals can hear with their ears', 28),
(218, 'Light', 'the form of energy that makes it possible for the eye to see; produces brightness', 28),
(219, 'Heat', 'form of energy; state of being warm; hotness', 28),
(220, 'Matter', 'all substances that contain atoms and take up space', 28),
(221, 'Current', 'the flow of electricity in a wire or other conductor', 28),
(222, 'Collide', 'when energy forces come together and change motion', 28),
(223, 'Energy transfer', 'the movement of energy from one place to another', 28),
(224, 'Energy conversation', 'energy cannot be created, nor destroyed; it can only move from one form to another', 28),
(225, 'Motion', 'the act or particular way of changing place; movement', 28),
(226, 'Electric energy', 'caused by moving electric charges', 28),
(227, 'Waves', 'regular patterns of motion, which can be made in water', 28),
(228, 'Amplitude', 'height of a wave', 28),
(229, 'Wavelength', 'spacing between wave peaks', 28),
(230, 'Electromagnetic radiation', 'an object can be seen when light from its surface enters the eye', 28),
(231, 'Digital', 'showing information by a row of numerical digits rather than by a pointer or hands on a clock', 28),
(232, 'Degradation (degrade)', 'to reduce in value, amount, or strength', 28),
(233, 'Internal', 'located on the inside; inner', 28),
(234, 'External ', 'of the outside or outer part', 28),
(235, 'Survival ', 'the act of continuing to be alive', 28),
(236, 'Behavior ', 'the typical actions of a person, animal, thing, or group', 28),
(237, 'Reproduction ', 'the process by which living things create young or offspring', 28),
(238, 'Receptors ', 'an organ with nerve endings that responds to sensory information', 28),
(239, 'Senses', 'any of the five ways to understand or experience one''s surroundings', 28),
(240, 'Fossil ', 'the remains or trace of a living animal or plant from a long time ago', 28),
(241, 'Erosion ', 'wearing away of the earth''s surface by wind or water', 28),
(242, 'Vegetation ', 'plants or plant life in a particular place', 28),
(243, 'Weathering', 'the wearing away or changing of the appearance of the earth''s materials by long exposure to air or water', 30),
(244, 'Topographic', 'type of map that shows the physical features of an area, including elevation changes', 28),
(245, 'Volcano', 'an opening in the earth''s crust through which melted rock, ash, and gases are forced out', 28),
(246, 'Earthquake', 'a shaking of part of the earth''s surface, caused by a deep movement within the earth', 28),
(247, 'Fossil fuel', 'coal, oil, or natural gas formed from the remains of prehistoric plants and animals', 28),
(248, 'Tsunami', 'a very large, often destructive sea wave caused by a marine earthquake or volcanic explosion', 28),
(249, 'Hazard', 'a danger or risk', 28),
(250, 'matter', 'all substances that contain atoms and take up space. (liquids, solids, gases)', 31),
(251, 'particle', 'a tiny amount or small piece; speck; trace', 31),
(252, 'model', 'a small copy of something, often used as a guide to making the thing in full size.', 31),
(253, 'measure*', 'the exact size, weight, or amount of something that is found by using a ruler, yardstick, scale, or similar device.', 31),
(254, 'graph*', 'a diagram that shows a relationship between two or more changing things by lines, bars, dots, or portions of a circle', 31),
(255, 'heating', 'a form of energy, or the state of being very warm; hotness; warmth.', 31),
(256, 'cooling', 'to lower in temperature; make less warm.', 31),
(257, 'substances', 'that of which something is made; matter.', 31),
(258, 'conserved', 'to keep safe from loss, waste, or destruction.', 31),
(259, 'weight*', 'the quality of being heavy.', 31),
(260, 'reaction', 'an action or response to something that has happened or has been done.', 31),
(261, 'phase', 'a particular stage in a cycle of development or process of change.', 31),
(262, 'dissovling', 'to mix completely with liquid.', 31),
(263, 'observations*', 'the act or an instance of perceiving the environment through one of the senses.', 31),
(264, 'properties*', 'a quality that something is known by; characteristic.', 31),
(265, 'hardness', 'the relative extent to which something, esp. a mineral, is hard.', 28),
(266, 'conductivity**', 'the capacity for or property of conducting or transmitting heat, electricity, or sound.', 31),
(267, 'thermal', 'using, resulting from, or producing heat.', 31),
(268, 'electrical**', 'having to do with electricity; electric.', 31),
(269, 'magnetic**', 'having to do with magnets and the way they work.', 31),
(270, 'solubility', 'the amount of a substance that can be dissolved in a particular solvent under given conditions.', 31),
(271, 'density', '', 31),
(272, 'force', 'power, energy, or physical strength.', 31),
(273, 'gravitational', 'the force that pulls planets, stars, or particles toward one another.', 31),
(274, 'exerted', 'to use or put into action; apply.', 31),
(275, 'energy', 'the power or ability to make something work or be active.', 31),
(276, 'growth**', 'the process of growing.', 32),
(277, 'plants', 'one of a large group of living things that use sunlight to make their own food. Most plants have leaves, stems, roots and either flowers or cones', 31),
(281, 'environment', 'everything that surrounds a particular type of living thing and affects its growth and health.', 31),
(282, 'organisms', 'an individual living thing, such as a plant, an animal, or a bacteria.', 32),
(283, 'ecosystems', 'a community of living things, together with their environment', 31),
(284, 'food', 'anything that contains nutrients and is eaten by living creatures in order to maintain life, health, and growth.', 32),
(285, 'brightness**', 'the quality, state, or condition of being bright.', 31),
(585, 'Molecules', 'the smallest unit of a substance that has all the properties of that substance', 41),
(586, 'Atoms', 'the smallest possible unit of a chemical element.', 41),
(587, 'Density', 'the state or condition of having parts very close together with little space between.', 41),
(588, 'Melting Point', 'the temperature at which a given solid turns into liquid.', 41),
(589, 'Boiling Point', 'the temperature at which a liquid starts to boil.', 41),
(590, 'Flamability', 'able to catch on fire easily.', 41),
(591, 'Odor', 'smell or scent.', 41),
(592, 'Chemical Reaction', 'action or response to something that has happened or has been done; with a chemical', 41),
(593, 'Natural Resources', 'materials that are found in nature and that can be used by people in many ways', 41),
(594, 'Synthetic', 'made with chemicals formed in a laboratory instead of something found in nature', 41),
(595, 'Qualitative', 'of or concerning the nature or attributes of something, as opposed to its amount', 41),
(596, 'Solid', 'having a firm shape or form that can be measured in length, width, and height', 41),
(597, 'Liquid', 'in a form that flows easily and is neither a solid nor a gas.', 41),
(598, 'Gas*', 'rapidly spreads out when it is warmed and contracts when it is cooled.', 41),
(599, 'Thermal Energy', 'using, resulting from, or producing heat with power or ability to make something work or be active.', 41),
(600, 'Kinetic Energy', 'energy resulting from motion.', 41),
(601, 'Law of Conservation', 'the mass of an object or collection of objects never changes, no matter how rearranged.', 41),
(602, 'Mass', 'size or bulk.', 41),
(603, 'Consentration', 'to make stronger or more pure.', 41),
(604, 'Construct', 'put together.', 41),
(605, 'Test', 'a trial to find out what something is, what it is made up of, or how good it is.', 41),
(606, 'Modify', 'to change in some way; alter.', 41),
(607, 'Releases*', 'to let go of or loosen.', 41),
(608, 'Absorbs', 'of or having to do with electricity.', 41),
(609, 'Processes*', 'series of actions used to produce something or reach a goal.', 41),
(610, 'Investigate', 'to look into carefully and closely so as to learn the facts', 41),
(611, 'Evidence', 'something that gives proof or a reason to believe.', 41),
(612, 'Data', 'facts, figures, or other pieces of information that can be used to learn about something.', 41),
(613, 'Factors', 'something that has an influence on something that happens or is one of the causes of it.', 41),
(614, 'Strength', 'the state, quality, or condition of being strong.', 41),
(615, 'Forces', 'the use of such power, energy, or strength.', 41),
(616, 'Present', 'to introduce in a formal way.', 41),
(617, 'Arguments', 'a reason in favor of or against something.', 41),
(618, 'Claim', 'to state as true.', 41),
(619, 'Interactions', 'action of one upon another or others; action in response to others; influence, or effect.', 41),
(620, 'Evaluate', 'to judge or set the worth of.', 41),
(621, 'Fields *', 'an area of special activity or interest.', 41),
(622, 'Exerting', 'to push into effort or action; strain.', 41),
(623, 'Contact', 'the touching of two things or people.', 41),
(624, 'Interpret', 'to decide on or explain the meaning of.', 41),
(625, 'Graphical', 'of or related to pictures or writing such as photography, painting, and printing.', 41),
(626, 'Displays', 'to cause to be seen; show.', 41),
(627, 'Relationships', 'the condition or fact of being related or connected.', 41),
(628, 'Speed*', 'rate of motion.', 41),
(629, 'Arrangement', 'the group of things that have been put in order.', 41),
(630, 'Potential Energy', 'in physics, the energy of a particle, body, or system that is determined by its position or structure.', 41),
(631, 'Principles', 'a basic law or truth on which action or behavior is based.', 41),
(632, 'Design', 'to make or draw plans for the structure or form of.', 41),
(633, 'Minimizes', 'to make as small as possible.', 41),
(634, 'Maximizes', 'to increase or enlarge as much as possible.', 41),
(635, 'Representations', 'the showing or picturing of something in a work of art.', 41),
(636, 'Waves*', 'to cause to move up and down or back and forth.', 41),
(637, 'Amplitude', 'the state or quality of being ample; largeness.', 41),
(638, 'Absorbed', 'to take in or soak up.', 41),
(639, 'Transmitted', 'to send or carry from one person, place, or thing to another.', 41),
(640, 'Explanation', 'the act or process of making clear in speech or writing.', 41),
(641, 'Photosynthesis', 'process which a plant uses sunlight to change water and carbon dioxide into food for itself.', 41),
(642, 'Cycling', 'the process by which a green plant uses sunlight to change water and carbon dioxide into food for itself.', 41),
(643, 'Flow', 'to move in a smooth, steady stream.', 41),
(644, 'adaptation', 'a change in an organism over time that helps it survive', 42),
(645, 'artificail selection', 'controlling reproduction to modify the outcome', 42),
(646, 'asexual reproduction', 'reproduction done by one organism', 42),
(647, 'behaviors', 'a certain way a person acts, or normal actions for a person, animal, or thing', 42),
(648, 'biodiversity', 'the different life forms inside an ecosystem', 42),
(649, 'brain', 'organ inside the skull, part of the central nervous system, where thought memory and feelings are', 42),
(650, 'Cell', 'part of plant or animal life, having a nucleus, it is surrounded by a membrane.', 42),
(651, 'Cell membrane', 'Holds the contents of a cell', 42),
(652, 'Cell wall', 'made of cellulose, outside layer of a plant cell, very tough', 42),
(653, 'chemical', 'something made up of chemicals', 42),
(654, 'chemical reactions', 'process substances undergo chemical changes, as a result form something new', 42),
(655, 'Chloroplasts', 'where photosynthesis takes place, green in color', 42),
(656, 'chromosomes', 'part of the cells that contain genes', 42),
(657, 'circulatory system', 'system in the body that includes the heart and blood vessels', 42),
(658, 'ecosystem', 'where living things form and exist in a community', 42),
(659, 'electromagnetic energy', 'energy that can travel through space as a wave', 42),
(660, 'embryo', 'the beginning developing stage of an animal or plant', 42),
(661, 'energy', 'power that makes something active or work', 42),
(662, 'excretory system', 'system in the body that includes the small intestine, large intestine, stomach, colon, kidneys, and bladder', 42),
(663, 'food webs', 'food chain in an ecosystem', 42),
(664, 'fossil record', 'a time record of fossils that are found in different layers of rock', 42),
(665, 'gene therapy', 'placing a different gene into a cell to replace a bad or defective gene', 42),
(666, 'genes', 'a section of chromosome that influences certain traits', 42),
(667, 'genetic factors', 'things that are influence by genes or heredity', 42),
(668, 'Growth', 'the act of getting bigger or smaller', 42),
(669, 'inheritence of traits', 'a trait passed down from previous generations', 42),
(670, 'interaction', 'action of one individual to another', 42),
(671, 'matter', 'any substance that has atoms and can take up space', 42),
(672, 'mechanical', 'being made of or something that makes up a machine', 42),
(673, 'memories', 'remembering an expeirence, person, place, or thing', 42),
(674, 'Mitochondria', 'in almost all plants and animals, turns food into energy, rodlike shape', 42),
(675, 'muscular system', 'all the muscles in the body', 42),
(676, 'mutation', 'an sudden abnormal change genetically', 42),
(677, 'natural selection', 'a process that takes place during reproduction that selection organisms best adapted to the environment', 42),
(678, 'nervous system', 'system in the body that includes nerves and nerve centers', 42),
(679, 'Nucleus', 'the most active part of the cell located in the middle, contains chromosomes', 42),
(680, 'organ', 'part of a plant or animal that performs a special task', 42),
(681, 'Organelle', 'A structure inside the cell that has a special function', 42),
(682, 'organism', 'a living thing', 42),
(683, 'photosynthesis', 'process where plants capture the suns rays to produce energy', 42),
(684, 'plant reproduction', 'done by pollination', 42),
(685, 'pollination', 'to move pollen to a plant that will fertilize the seeds', 42),
(686, 'population', 'people or animals that live in one area as a group', 42),
(687, 'punnett square', 'a way to track traits that may or may not be passed down', 42),
(688, 'reproduction', 'how living things create offspring', 42),
(689, 'respiratory system', 'system in the body that brings oxygen into the body; includes the lungs, diaphragm, windpipe and nose', 42),
(690, 'selective breeding', 'evolutionary nature in animals to only reproduce with animals who are adapt to survive for a long time', 42),
(691, 'sensory receptors', 'spots that only react when one of the five senses (touch, smell, sight,sound, and taste) happens', 42),
(692, 'sexual reproduction', 'when two organism come together to reproduce', 42),
(693, 'stimuli', 'causes a response in the body or body part', 42),
(694, 'Tissue', 'cells grouped together and do one function together', 42),
(695, 'traits', 'characteristic that makes something different that another thing', 42),
(696, 'cyclic', 'pertaining to, forming, or recurring in a cycle', 43),
(697, 'lunar', 'of having to do with the moon', 43),
(698, 'graphic', 'a picture, diagram, or other image used as an illustration', 43),
(699, 'concept', 'a general idea or thought', 43),
(700, 'model', 'a small copy of something, often used as a guide to making the thing in full size', 43),
(701, 'intensity', 'strength or energy of thought or action', 43),
(702, 'differential', 'being, characterized by, or causing a difference or distinction', 43),
(703, 'natural', 'of or produced by nature; not made by humans', 43),
(704, 'phenomenon', 'a happening or fact that can be seen or known through the senses', 43),
(705, 'solar', 'of, having to do with, or coming from the sun', 43),
(707, 'axis', 'a real or imaginary line through the center of an object, around which the object turns', 43),
(708, 'gravitation', 'the force that pulls planets, stars, or particles toward one another', 43),
(709, 'orbit', 'the curved path in which an object moves in a circle around another body', 43),
(710, 'consistency', 'agreement or similarity between or among different things', 43),
(711, 'force', 'power, energy, or physical strength', 43),
(712, 'scale*', 'a set of numbered marks made at even points along a ruler other measuring device', 43),
(713, 'property', 'a quality that something is known by; characteristic', 43),
(714, 'radius', 'a straight line from the center to the edge of a circle or sphere', 43),
(715, 'diameter', 'a straight line from one side of a circle or sphere to the other that passes through the center', 43),
(716, 'structure', 'the way in which such a thing is joined together', 43),
(717, 'composition', 'the way the parts of something are put together; order or structure.', 43),
(718, 'strata*', 'a layer of material of similar composition, depth, temperature', 43),
(719, 'fossil', 'the remains or trace of a living animal or plant from a long time ago.', 43),
(720, 'geology', 'the study of the physical structure of the earth and how it has changed over time', 43),
(721, 'sediment', 'solid material that settles to the bottom of a liquid', 43),
(722, 'melt', 'to change from a solid to a liquid state through heat or pressure', 43),
(723, 'weather', 'the conditions outside at a particular place and time (examples: sunshine, rain, temperature)', 43),
(724, 'weathering**', 'to change as a result of being exposed to the weather', 43),
(725, 'deform', 'to damage the shape or form', 43),
(726, 'sedimentation**', 'the accumulating or depositing of sediment', 43),
(727, 'stable*', 'fixed, firm, or steady in position; not shaky or easily moved', 43),
(728, 'stability**', 'the condition or quality of being stable', 43),
(729, 'crystal', 'a clear kind of rock that has a regular shape', 43),
(730, 'crystallize**', 'to change into or cause to become crystals', 43),
(731, 'atom', 'the smallest possible unit of a chemical element', 43),
(732, 'exterior', 'on or having to do with the outside; outer.', 43),
(733, 'interior', 'of the inside or inner part', 43),
(734, 'temporal*', 'of or concerning time', 43),
(735, 'spatial', 'of, relating to, or occurring in space (examples: width, length, height)', 43),
(736, 'deposit', 'to put down or place', 43),
(737, 'deposition**', 'the act of depositing something, or the thing deposited', 43),
(738, 'geography', 'the physical features of an area on the earth''s surface', 43),
(739, 'continental shelf', 'the edge of a continent that is below water', 43),
(740, 'tectonic', 'of or pertaining to changes in the earth''s crust', 43),
(741, 'ridge', 'a long, narrow, raised section at the top of something; crest', 43),
(742, 'trench', 'a deep, narrow ditch', 43),
(743, 'fracture', 'a break or crack', 43),
(744, 'seafloor', 'the floor of an ocean or sea', 43),
(745, 'crust*', 'the outer layer of Earth, another planet, or a moon', 43),
(746, 'continent', 'one of the earth''s seven major areas of land', 43),
(747, 'hydrologic cycle (water cycle)', 'process where water on the earth evaporates, condenses in the atmosphere, and returns to earth', 43),
(748, 'gravity', 'the force by which all objects in the universe are attracted to each other', 43),
(749, 'transpire', 'to give off waste from a surface in the form of vapor', 43),
(750, 'evaporate', 'to turn from liquid into gas', 43),
(751, 'condesation', 'the act or process of changing from a gas to a liquid', 43),
(752, 'precipitation', 'the act of water falling in the form of rain, snow, sleet, or hail', 43),
(753, 'atmosphere*', 'the gases surrounding the earth or other similar objects in outer space', 43),
(754, 'landform', 'earth''s features that have been formed by natural forces(example: hill or valley)', 43),
(755, 'air mass', 'a body of air that covers a wide area and has little horizontal variation', 43),
(756, 'pressure', 'a steady force upon a surface', 43),
(757, 'humidity', 'water vapor or moisture in the air', 43),
(758, 'wind*', 'air as it moves naturally over the surface of the earth', 43),
(759, 'latitude', 'the distance between the equator and a point north or south on the earth''s surface', 43),
(760, 'altitude', 'the height of a thing above earth or above sea level', 43),
(761, 'circulation', 'the movement or passage of something place to place', 43),
(762, 'Coriolis effect', 'the apparent deflection of moving objects as observed from a rotating frame', 43),
(763, 'convection', 'the movement or transfer of heat through a liquid or gas', 43),
(764, 'density', 'the state or condition of having parts very close together with little space between', 43),
(765, 'salinity', 'pertaining to, or containing salt', 43),
(766, 'thermal', 'using, resulting from, or producing heat', 43),
(767, 'mineral', 'a substance formed in the earth that is not of an animal or a plant', 43),
(768, 'ground water', 'the water beneath the earth''s surface that supplies springs and wells', 43),
(769, 'petroleum', 'a thick oil found by drilling beneath the earth''s surface', 43),
(770, 'deplete', 'to lessen drastically; exhaust', 43),
(771, 'replenish', 'to make complete or full again; refill', 43),
(772, 'hazard', 'something that causes a danger or risk', 43),
(773, 'magnitude', 'size or extent', 43),
(774, 'frequency', 'the number of times something happens within a certain period of time', 43),
(775, 'mitigate', 'to lessen the force, severity, or impact of', 43),
(776, 'precursor', 'indication that a specific event will soon take place', 43),
(777, 'severity', 'strength; intensity', 43),
(778, 'potential', 'able to come into being; possible', 43),
(779, 'technology', 'a particular method of solving practical problems that comes out of research', 43),
(780, 'monitor', 'a device for collecting information about the use, operation, or condition of something', 43),
(781, 'pollution**', 'poisons, wastes, or other materials that pollute', 43),
(782, 'economic', 'having to do with the money system', 43),
(783, 'minimize', 'to make as small as possible', 43),
(784, 'facilitate', 'to make less difficult; help in the doing of', 43),
(785, 'criteria*', 'a standard or test by which to judge or decide', 43),
(786, 'constraint', 'something that compels, confines, or restrains', 43),
(787, 'per capita', 'for each unit of population; per person', 43),
(788, 'consumption', 'the act or process of using up', 43),
(789, 'necessity', 'the state or condition of being needed', 43),
(790, 'sufficient*', 'enough; as much as needed', 43),
(791, 'combustion', 'the act or process of burning', 43),
(792, 'agriculture', 'the science and work of raising crops and farm animals; farming', 43),
(793, 'global warming', 'an increase in the world''s temperatures', 43),
(794, 'gradual', 'happening by degrees that are small and even', 43),
(795, 'sudden', 'happening without notice or warning; not expected', 43),
(796, 'concentrate', 'to make stronger or more pure', 43),
(797, 'greenhouse gas**', 'a gas that contributes to the greenhouse effect by absorbing infrared radiation', 43),
(798, 'object', 'anything that has shape or form and can be seen or touched', 44),
(799, 'tool', 'an instrument that helps one to do something', 44),
(800, 'process', 'a series of actions used to produce something or reach a goal', 44),
(801, 'system', 'a group of related things or parts that work together as a whole', 44),
(802, 'component', 'a part of something', 44),
(803, 'boundary', 'something that marks the edge or limit', 44),
(804, 'quantitative', 'of or concerning the amount of something', 44),
(805, 'systematic', 'involving or based on a method or plan; not random or chaotic', 44),
(806, 'solution', 'an answer to or explanation of a problem', 44),
(807, 'alternative', 'the choice of one or more options', 44),
(808, 'qualitative', 'of or concerning the nature or attributes of something', 44),
(809, 'similar', 'having resemblance or likeness', 44),
(810, 'different', 'not the same; not alike', 44),
(811, 'iterate', 'to say or do again or repeatedly; reiterate', 44),
(812, 'modify', 'to change in some way; alter', 44),
(813, 'optimal', 'most wanted or desirable; producing or likely to produce the best result', 44),
(814, 'functionality', 'capability', 44),
(815, 'generate', 'to bring into being or to produce', 44),
(816, 'motion', 'the act of changing place;movement', 45),
(817, 'force', 'power,energy or physical strength', 45),
(818, 'variable', 'likely to change, not constant', 45),
(819, 'pattern', 'an arrangement of shapes, lines etc. that can be repeated over and over again', 45),
(820, 'prediction', 'a statement that something might happen or is expected to happen', 45),
(821, 'discovery', 'to learn or find out about through study or by observing', 45),
(822, 'interaction', 'action of one upon another or others; action in response to others; influence, or effect', 45),
(823, 'organism', 'an individual living thing, such as a plant, an animal, or a bacteria', 46),
(824, 'evidence', 'something that gives proof or a reason to believe', 46),
(825, 'evaluate', 'to judge or set the worth of', 46),
(826, 'synthesis', 'a process of reasoning by deduction from given propositions and principles', 46),
(827, 'trait', 'a characteristic or quality that makes a person or animal different from others', 46),
(828, 'inherit', 'to receive through a parent''s genes', 46),
(829, 'variation', 'a slightly different form or version of something', 46),
(830, 'offspring', 'the child or young of a particular human, animal, or plant', 46),
(831, 'characteristic', 'having to do with a typical or special quality of a person, group, action, or thing', 46),
(832, 'extinct', 'no longer existing', 46),
(833, 'ancestry', 'the origin or evolution of an object, idea, or style', 46),
(834, 'diversity', 'a variety', 46),
(835, 'proportion', 'the relationship in number or size of two things or sets of things', 46),
(836, 'predator', 'an animal that hunts other animals for food', 46),
(837, 'camouflage', 'to hide by coloring or covering to look like the surroundings', 46),
(838, 'habitat', 'the natural environment of an animal or plant', 46),
(839, 'adaptation', 'a change in an organism, over time, that better enables it to survive and multiply', 46),
(840, 'population', 'the people who live in an area, considered as a group', 46),
(841, 'environment', 'everything that surrounds a particular type of living thing and affects its growth and health', 46),
(842, 'biodiversity', 'the variety of life in the world or in a particular habitat or ecosystem', 46),
(843, 'quantitative', 'of, concerning, or capable of being measured or expressed as, a quantity', 47),
(844, 'pictograph', 'a diagram or chart in which pictorial symbols are used to convey information and ideas', 47),
(845, 'climate', 'the usual weather conditions in a place', 47),
(846, 'equatorial', 'from, near, or on any equator', 47),
(847, 'polar', 'of or having to do with the North Pole or South Pole of the earth', 47),
(848, 'coastal', 'of, at, or near a coast(next to an ocean)', 47);

--
-- Indexes for dumped tables
--

--
-- Indexes for table `accounts`
--
ALTER TABLE `accounts`
  ADD PRIMARY KEY (`ID`);

--
-- Indexes for table `admins`
--
ALTER TABLE `admins`
  ADD PRIMARY KEY (`ID`);

--
-- Indexes for table `assessmentassignments`
--
ALTER TABLE `assessmentassignments`
  ADD KEY `assessmentID` (`assessmentID`), ADD KEY `studentID` (`studentID`);

--
-- Indexes for table `assessmentquestions`
--
ALTER TABLE `assessmentquestions`
  ADD PRIMARY KEY (`ID`), ADD KEY `termID` (`termID`), ADD KEY `assessmentID` (`assessmentID`);

--
-- Indexes for table `assessments`
--
ALTER TABLE `assessments`
  ADD PRIMARY KEY (`ID`), ADD KEY `catID` (`catID`), ADD KEY `classID` (`classID`);

--
-- Indexes for table `categories`
--
ALTER TABLE `categories`
  ADD PRIMARY KEY (`ID`);

--
-- Indexes for table `classes`
--
ALTER TABLE `classes`
  ADD PRIMARY KEY (`ID`), ADD KEY `schoolID` (`schoolID`);

--
-- Indexes for table `classlist`
--
ALTER TABLE `classlist`
  ADD KEY `classlist_ibfk_1` (`accountID`), ADD KEY `classlist_ibfk_2` (`classID`);

--
-- Indexes for table `password_change_requests`
--
ALTER TABLE `password_change_requests`
  ADD PRIMARY KEY (`ID`);

--
-- Indexes for table `results`
--
ALTER TABLE `results`
  ADD PRIMARY KEY (`ID`), ADD KEY `studentID` (`studentID`), ADD KEY `assessmentID` (`assessmentID`), ADD KEY `termID` (`termID`), ADD KEY `matchID` (`matchID`);

--
-- Indexes for table `schools`
--
ALTER TABLE `schools`
  ADD PRIMARY KEY (`ID`);

--
-- Indexes for table `students`
--
ALTER TABLE `students`
  ADD PRIMARY KEY (`ID`), ADD KEY `classID` (`classID`);

--
-- Indexes for table `teachers`
--
ALTER TABLE `teachers`
  ADD PRIMARY KEY (`ID`), ADD KEY `classID` (`classID`);

--
-- Indexes for table `terms`
--
ALTER TABLE `terms`
  ADD PRIMARY KEY (`ID`), ADD KEY `catID` (`catID`);

--
-- AUTO_INCREMENT for dumped tables
--

--
-- AUTO_INCREMENT for table `accounts`
--
ALTER TABLE `accounts`
  MODIFY `ID` int(11) NOT NULL AUTO_INCREMENT,AUTO_INCREMENT=15;
--
-- AUTO_INCREMENT for table `admins`
--
ALTER TABLE `admins`
  MODIFY `ID` int(11) NOT NULL AUTO_INCREMENT,AUTO_INCREMENT=36;
--
-- AUTO_INCREMENT for table `assessmentquestions`
--
ALTER TABLE `assessmentquestions`
  MODIFY `ID` int(11) NOT NULL AUTO_INCREMENT,AUTO_INCREMENT=1150;
--
-- AUTO_INCREMENT for table `assessments`
--
ALTER TABLE `assessments`
  MODIFY `ID` int(11) NOT NULL AUTO_INCREMENT,AUTO_INCREMENT=65;
--
-- AUTO_INCREMENT for table `categories`
--
ALTER TABLE `categories`
  MODIFY `ID` int(11) NOT NULL AUTO_INCREMENT,AUTO_INCREMENT=48;
--
-- AUTO_INCREMENT for table `classes`
--
ALTER TABLE `classes`
  MODIFY `ID` int(11) NOT NULL AUTO_INCREMENT,AUTO_INCREMENT=1000;
--
-- AUTO_INCREMENT for table `results`
--
ALTER TABLE `results`
  MODIFY `ID` int(11) NOT NULL AUTO_INCREMENT,AUTO_INCREMENT=190;
--
-- AUTO_INCREMENT for table `schools`
--
ALTER TABLE `schools`
  MODIFY `ID` int(11) NOT NULL AUTO_INCREMENT,AUTO_INCREMENT=1000;
--
-- AUTO_INCREMENT for table `students`
--
ALTER TABLE `students`
  MODIFY `ID` int(11) NOT NULL AUTO_INCREMENT,AUTO_INCREMENT=2;
--
-- AUTO_INCREMENT for table `teachers`
--
ALTER TABLE `teachers`
  MODIFY `ID` int(11) NOT NULL AUTO_INCREMENT;
--
-- AUTO_INCREMENT for table `terms`
--
ALTER TABLE `terms`
  MODIFY `ID` int(11) NOT NULL AUTO_INCREMENT,AUTO_INCREMENT=849;
--
-- Constraints for dumped tables
--

--
-- Constraints for table `assessmentassignments`
--
ALTER TABLE `assessmentassignments`
ADD CONSTRAINT `assessmentassignments_ibfk_1` FOREIGN KEY (`assessmentID`) REFERENCES `assessments` (`ID`),
ADD CONSTRAINT `assessmentassignments_ibfk_2` FOREIGN KEY (`studentID`) REFERENCES `accounts` (`ID`);

--
-- Constraints for table `assessmentquestions`
--
ALTER TABLE `assessmentquestions`
ADD CONSTRAINT `assessmentquestions_ibfk_1` FOREIGN KEY (`termID`) REFERENCES `terms` (`ID`),
ADD CONSTRAINT `assessmentquestions_ibfk_2` FOREIGN KEY (`assessmentID`) REFERENCES `assessments` (`ID`);

--
-- Constraints for table `assessments`
--
ALTER TABLE `assessments`
ADD CONSTRAINT `assessments_ibfk_1` FOREIGN KEY (`catID`) REFERENCES `categories` (`ID`),
ADD CONSTRAINT `assessments_ibfk_2` FOREIGN KEY (`classID`) REFERENCES `classes` (`ID`);

--
-- Constraints for table `classes`
--
ALTER TABLE `classes`
ADD CONSTRAINT `classes_ibfk_1` FOREIGN KEY (`schoolID`) REFERENCES `schools` (`ID`);

--
-- Constraints for table `classlist`
--
ALTER TABLE `classlist`
ADD CONSTRAINT `classlist_ibfk_1` FOREIGN KEY (`accountID`) REFERENCES `accounts` (`ID`),
ADD CONSTRAINT `classlist_ibfk_2` FOREIGN KEY (`classID`) REFERENCES `classes` (`ID`);

--
-- Constraints for table `results`
--
ALTER TABLE `results`
ADD CONSTRAINT `results_ibfk_1` FOREIGN KEY (`studentID`) REFERENCES `accounts` (`ID`),
ADD CONSTRAINT `results_ibfk_2` FOREIGN KEY (`assessmentID`) REFERENCES `assessments` (`ID`),
ADD CONSTRAINT `results_ibfk_3` FOREIGN KEY (`termID`) REFERENCES `terms` (`ID`),
ADD CONSTRAINT `results_ibfk_4` FOREIGN KEY (`matchID`) REFERENCES `terms` (`ID`);

--
-- Constraints for table `students`
--
ALTER TABLE `students`
ADD CONSTRAINT `students_ibfk_1` FOREIGN KEY (`classID`) REFERENCES `classes` (`ID`);

--
-- Constraints for table `teachers`
--
ALTER TABLE `teachers`
ADD CONSTRAINT `teachers_ibfk_1` FOREIGN KEY (`classID`) REFERENCES `classes` (`ID`);

--
-- Constraints for table `terms`
--
ALTER TABLE `terms`
ADD CONSTRAINT `terms_ibfk_1` FOREIGN KEY (`catID`) REFERENCES `categories` (`ID`);